,trans_date_trans_time,cc_num,merchant,category,amt,first,last,gender,street,city,state,zip,lat,long,city_pop,job,dob,trans_num,unix_time,merch_lat,merch_long,is_fraud
0,2019-01-01 00:00:18,2703186189652095,"fraud_Rippin, Kub and Mann",misc_net,4.97,Jennifer,Banks,F,561 Perry Cove,Moravian Falls,NC,28654,36.0788,-81.1781,3495,"Psychologist, counselling",1988-03-09,0b242abb623afc578575680df30655b9,1325376018,36.011293,-82.048315,0
1,2019-01-01 00:00:44,630423337322,"fraud_Heller, Gutmann and Zieme",grocery_pos,107.23,Stephanie,Gill,F,43039 Riley Greens Suite 393,Orient,WA,99160,48.8878,-118.2105,149,Special educational needs teacher,1978-06-21,1f76529f8574734946361c461b024d99,1325376044,49.159047000000000,-118.186462,0
2,2019-01-01 00:00:51,38859492057661,fraud_Lind-Buckridge,entertainment,220.11,Edward,Sanchez,M,594 White Dale Suite 530,Malad City,ID,83252,42.1808,-112.262,4154,Nature conservation officer,1962-01-19,a1a22d70485983eac12b5b88dad1cf95,1325376051,43.150704,-112.154481,0
3,2019-01-01 00:01:16,3534093764340240,"fraud_Kutch, Hermiston and Farrell",gas_transport,45.0,Jeremy,White,M,9443 Cynthia Court Apt. 038,Boulder,MT,59632,46.2306,-112.1138,1939,Patent attorney,1967-01-12,6b849c168bdad6f867558c3793159a81,1325376076,47.034331,-112.561071,0
4,2019-01-01 00:03:06,375534208663984,fraud_Keeling-Crist,misc_pos,41.96,Tyler,Garcia,M,408 Bradley Rest,Doe Hill,VA,24433,38.4207,-79.4629,99,Dance movement psychotherapist,1986-03-28,a41d7549acf90789359a9aa5346dcb46,1325376186,38.674999,-78.632459,0
5,2019-01-01 00:04:08,4767265376804500,"fraud_Stroman, Hudson and Erdman",gas_transport,94.63,Jennifer,Conner,F,4655 David Island,Dublin,PA,18917,40.375,-75.2045,2158,Transport planner,1961-06-19,189a841a0a8ba03058526bcfe566aab5,1325376248,40.653382,-76.15266700000000,0
6,2019-01-01 00:04:42,30074693890476,fraud_Rowe-Vandervort,grocery_net,44.54,Kelsey,Richards,F,889 Sarah Station Suite 624,Holcomb,KS,67851,37.9931,-100.9893,2691,Arboriculturist,1993-08-16,83ec1cc84142af6e2acf10c44949e720,1325376282,37.162705000000000,-100.15337,0
7,2019-01-01 00:05:08,6011360759745864,fraud_Corwin-Collins,gas_transport,71.65,Steven,Williams,M,231 Flores Pass Suite 720,Edinburg,VA,22824,38.8432,-78.6003,6018,"Designer, multimedia",1947-08-21,6d294ed2cc447d2c71c7171a3d54967c,1325376308,38.948089,-78.540296,0
8,2019-01-01 00:05:18,4922710831011201,fraud_Herzog Ltd,misc_pos,4.27,Heather,Chase,F,6888 Hicks Stream Suite 954,Manor,PA,15665,40.3359,-79.6607,1472,Public affairs consultant,1941-03-07,fc28024ce480f8ef21a32d64c93a29f5,1325376318,40.351813,-79.958146,0
9,2019-01-01 00:06:01,2720830304681674,"fraud_Schoen, Kuphal and Nitzsche",grocery_pos,198.39,Melissa,Aguilar,F,21326 Taylor Squares Suite 708,Clarksville,TN,37040,36.522,-87.34900000000000,151785,Pathologist,1974-03-28,3b9014ea8fb80bd65de0b1463b00b00e,1325376361,37.179198,-87.485381,0
10,2019-01-01 00:06:23,4642894980163,fraud_Rutherford-Mertz,grocery_pos,24.74,Eddie,Mendez,M,1831 Faith View Suite 653,Clarinda,IA,51632,40.7491,-95.038,7297,IT trainer,1990-07-13,d71c95ab6b7356dd74389d41df429c87,1325376383,40.275891000000000,-96.011548,0
11,2019-01-01 00:06:53,377234009633447,fraud_Kerluke-Abshire,shopping_net,7.77,Theresa,Blackwell,F,43576 Kristina Islands,Shenandoah Junction,WV,25442,39.3716,-77.8229,1925,Systems developer,1966-02-14,3c74776e558f1499a7824b556e474b1d,1325376413,40.103866,-78.624459,0
12,2019-01-01 00:06:56,180042946491150,fraud_Lockman Ltd,grocery_pos,71.22,Charles,Robles,M,3337 Lisa Divide,Saint Petersburg,FL,33710,27.7898,-82.7243,341043,"Engineer, land",1989-02-28,c1d9a7ddb1e34639fe82758de97f4abf,1325376416,27.630593,-82.308891,0
13,2019-01-01 00:07:27,5559857416065248,fraud_Kiehn Inc,grocery_pos,96.29,Jack,Hill,M,5916 Susan Bridge Apt. 939,Grenada,CA,96038,41.6125,-122.5258,589,Systems analyst,1945-12-21,413636e759663f264aae1819a4d4f231,1325376447,41.65752,-122.230347,0
14,2019-01-01 00:09:03,3514865930894695,fraud_Beier-Hyatt,shopping_pos,7.77,Christopher,Castaneda,M,1632 Cohen Drive Suite 639,High Rolls Mountain Park,NM,88325,32.9396,-105.8189,899,Naval architect,1967-08-30,8a6293af5ed278dea14448ded2685fea,1325376543,32.863258,-106.520205,0
15,2019-01-01 00:09:20,6011999606625827,fraud_Schmidt and Sons,shopping_net,3.26,Ronald,Carson,M,870 Rocha Drive,Harrington Park,NJ,7640,40.9918,-73.98,4664,"Radiographer, diagnostic",1965-06-30,baae0b096835c975857eea7e28dde3dc,1325376560,41.831174,-74.335559,0
16,2019-01-01 00:10:49,6011860238257910,fraud_Lebsack and Sons,misc_net,327.0,Lisa,Mendez,F,44259 Beth Station Suite 215,Lahoma,OK,73754,36.385,-98.0727,1078,"Programme researcher, broadcasting/film/video",1952-07-06,991c04803b4d4eeab30d6245a872e3d3,1325376649,36.384092000000000,-99.048472,0
2449,2019-01-02 01:06:37,4613314721966,fraud_Rutherford-Mertz,grocery_pos,281.06,Jason,Murphy,M,542 Steve Curve Suite 011,Collettsville,NC,28611,35.9946,-81.7266,885,Soil scientist,1988-09-15,e8a81877ae9a0a7f883e15cb39dc4022,1325466397,36.430124,-81.17948300000000,1
2472,2019-01-02 01:47:29,340187018810220,"fraud_Jenkins, Hauck and Friesen",gas_transport,11.52,Misty,Hart,F,27954 Hall Mill Suite 575,San Antonio,TX,78208,29.44,-98.459,1595797,Horticultural consultant,1960-10-28,bc7d41c41103877b03232f03f1f8d3f5,1325468849,29.819364,-99.142791,1
2523,2019-01-02 03:05:23,340187018810220,fraud_Goodwin-Nitzsche,grocery_pos,276.31,Misty,Hart,F,27954 Hall Mill Suite 575,San Antonio,TX,78208,29.44,-98.459,1595797,Horticultural consultant,1960-10-28,b98f12f4168391b2203238813df5aa8c,1325473523,29.273085,-98.83636,1
2546,2019-01-02 03:38:03,4613314721966,fraud_Erdman-Kertzmann,gas_transport,7.03,Jason,Murphy,M,542 Steve Curve Suite 011,Collettsville,NC,28611,35.9946,-81.7266,885,Soil scientist,1988-09-15,397894a5c4c02e3c61c784001f0f14e4,1325475483,35.909292,-82.09101,1
2553,2019-01-02 03:55:47,340187018810220,fraud_Koepp-Parker,grocery_pos,275.73,Misty,Hart,F,27954 Hall Mill Suite 575,San Antonio,TX,78208,29.44,-98.459,1595797,Horticultural consultant,1960-10-28,7863235a750d73a244c07f1fb7f0185a,1325476547,29.786426000000000,-98.68341,1
2937,2019-01-02 13:38:08,4613314721966,fraud_Medhurst PLC,shopping_net,844.8,Jason,Murphy,M,542 Steve Curve Suite 011,Collettsville,NC,28611,35.9946,-81.7266,885,Soil scientist,1988-09-15,248c2746e78f2ec713df51254ff1b302,1325511488,35.987802,-81.25433200000000,1
3527,2019-01-02 23:52:08,4613314721966,fraud_Ruecker Group,misc_net,843.91,Jason,Murphy,M,542 Steve Curve Suite 011,Collettsville,NC,28611,35.9946,-81.7266,885,Soil scientist,1988-09-15,2f7d497f607396ab669c14c2abe3886f,1325548328,35.985612000000000,-81.383306,1
3580,2019-01-03 01:05:27,340187018810220,fraud_Conroy-Cruickshank,gas_transport,10.76,Misty,Hart,F,27954 Hall Mill Suite 575,San Antonio,TX,78208,29.44,-98.459,1595797,Horticultural consultant,1960-10-28,0a2f8002e55a3565c5c88d8cf039fed8,1325552727,28.856712000000000,-97.794207,1
3600,2019-01-03 01:35:52,340187018810220,fraud_Koepp-Parker,grocery_pos,332.35,Misty,Hart,F,27954 Hall Mill Suite 575,San Antonio,TX,78208,29.44,-98.459,1595797,Horticultural consultant,1960-10-28,97903213a2fd7e53bbaa60807144a505,1325554552,29.320662,-97.937219,1
3671,2019-01-03 03:17:36,340187018810220,fraud_Strosin-Cruickshank,grocery_pos,315.34,Misty,Hart,F,27954 Hall Mill Suite 575,San Antonio,TX,78208,29.44,-98.459,1595797,Horticultural consultant,1960-10-28,0ffc2b7dae4c33883f14ac60283d4027,1325560656,28.953283000000000,-97.806528,1
4324,2019-01-03 16:54:53,4922710831011201,fraud_Rau and Sons,grocery_pos,337.05,Heather,Chase,F,6888 Hicks Stream Suite 954,Manor,PA,15665,40.3359,-79.6607,1472,Public affairs consultant,1941-03-07,7301679c460c5f2a464b0ecb5c610b47,1325609693,41.174382,-79.809888,1
4383,2019-01-03 18:07:01,4922710831011201,fraud_Pouros-Conroy,shopping_pos,711.66,Heather,Chase,F,6888 Hicks Stream Suite 954,Manor,PA,15665,40.3359,-79.6607,1472,Public affairs consultant,1941-03-07,d8daaffedc75c3e9228351ffac06aca9,1325614021,41.207335,-78.84093300000000,1
4644,2019-01-03 22:09:00,4922710831011201,"fraud_Johnson, Runolfsdottir and Mayer",misc_net,707.5,Heather,Chase,F,6888 Hicks Stream Suite 954,Manor,PA,15665,40.3359,-79.6607,1472,Public affairs consultant,1941-03-07,e366fd492cb7dfca302daba1f62ba9f4,1325628540,40.601968,-78.768636,1
4654,2019-01-03 22:21:15,4613314721966,fraud_Fisher Inc,shopping_net,942.62,Jason,Murphy,M,542 Steve Curve Suite 011,Collettsville,NC,28611,35.9946,-81.7266,885,Soil scientist,1988-09-15,41b9e040c87e3ec6928ea9f86c571774,1325629275,35.76589,-81.951839,1
4693,2019-01-03 22:58:44,4922710831011201,fraud_Mosciski Group,travel,4.5,Heather,Chase,F,6888 Hicks Stream Suite 954,Manor,PA,15665,40.3359,-79.6607,1472,Public affairs consultant,1941-03-07,2751eef2242b86fba1c3e6c1bb6a7022,1325631524,39.492341000000000,-78.859114,1
4706,2019-01-03 23:09:51,4613314721966,fraud_Morissette PLC,shopping_pos,821.96,Jason,Murphy,M,542 Steve Curve Suite 011,Collettsville,NC,28611,35.9946,-81.7266,885,Soil scientist,1988-09-15,b7941dbeaf57c1dd33db619996852b0a,1325632191,35.772593,-81.593183,1
4727,2019-01-03 23:29:57,4613314721966,fraud_Lemke-Gutmann,shopping_net,1092.68,Jason,Murphy,M,542 Steve Curve Suite 011,Collettsville,NC,28611,35.9946,-81.7266,885,Soil scientist,1988-09-15,d7a512888741e0585a7277b2d1bc8348,1325633397,36.981465,-80.767836,1
4740,2019-01-03 23:41:36,4613314721966,fraud_Mohr-Bayer,shopping_net,1254.27,Jason,Murphy,M,542 Steve Curve Suite 011,Collettsville,NC,28611,35.9946,-81.7266,885,Soil scientist,1988-09-15,e8cd6d3df90834fe23e6ebb4e52a7349,1325634096,36.105024,-80.963186,1
4744,2019-01-03 23:44:42,340187018810220,"fraud_Moen, Reinger and Murphy",grocery_pos,274.09,Misty,Hart,F,27954 Hall Mill Suite 575,San Antonio,TX,78208,29.44,-98.459,1595797,Horticultural consultant,1960-10-28,fdae36d3824101b501a9500505c0dd4c,1325634282,29.789989000000000,-97.996197,1
4808,2019-01-04 00:58:03,341546199006537,"fraud_Stokes, Christiansen and Sipes",grocery_net,14.37,Mark,Brown,M,8580 Moore Cove,Wales,AK,99783,64.7556,-165.6723,145,"Administrator, education",1939-11-09,a3806e984cec6ac0096d8184c64ad3a1,1325638683,65.65414200000000,-164.722603,1
4858,2019-01-04 02:13:44,4922710831011201,fraud_Rau and Sons,grocery_pos,316.93,Heather,Chase,F,6888 Hicks Stream Suite 954,Manor,PA,15665,40.3359,-79.6607,1472,Public affairs consultant,1941-03-07,9a6497aef537514b394fad2b89ef0516,1325643224,39.528505000000000,-80.23307700000000,1
4892,2019-01-04 02:57:17,4922710831011201,fraud_Padberg-Welch,grocery_pos,327.68,Heather,Chase,F,6888 Hicks Stream Suite 954,Manor,PA,15665,40.3359,-79.6607,1472,Public affairs consultant,1941-03-07,4ae53182552dba862e94bf0b13dda3e6,1325645837,40.236755,-80.30996800000000,1
5559,2019-01-04 15:06:38,341546199006537,fraud_Predovic Inc,shopping_net,966.11,Mark,Brown,M,8580 Moore Cove,Wales,AK,99783,64.7556,-165.6723,145,"Administrator, education",1939-11-09,a59185fe1b9ccf21323f581d7477573f,1325689598,65.468863,-165.473127,1
5577,2019-01-04 15:20:17,4922710831011201,fraud_Corwin-Gorczany,misc_net,795.22,Heather,Chase,F,6888 Hicks Stream Suite 954,Manor,PA,15665,40.3359,-79.6607,1472,Public affairs consultant,1941-03-07,2e88359c19111450f2e481e6d527eec0,1325690417,40.352547000000000,-79.327751,1
5612,2019-01-04 15:48:45,4922710831011201,"fraud_Bins, Balistreri and Beatty",shopping_pos,1015.8,Heather,Chase,F,6888 Hicks Stream Suite 954,Manor,PA,15665,40.3359,-79.6607,1472,Public affairs consultant,1941-03-07,7bd2173c927f2df10a800991cce11f89,1325692125,40.306614,-79.961163,1
6104,2019-01-04 22:10:09,4922710831011201,fraud_Block-Parisian,misc_net,722.18,Heather,Chase,F,6888 Hicks Stream Suite 954,Manor,PA,15665,40.3359,-79.6607,1472,Public affairs consultant,1941-03-07,bec7c3860e212f2bd26708879eae59d5,1325715009,40.346282,-79.59967000000000,1